Turno,Máquina,OF,Cod.Operación,cod_producto,desc_producto,operación,inicio,Fin,Num OFs,Tiempo Plan.,Tiempo Plan.Proceso,Tiempo Real,Sub Área
MAÑANA,DMG 160,4588634,1600,LV17226,"RING, ASSY REAR MOUNT",*MEC* DMG-OP40-ACABADO / FINISHING MACHI,05/05/2023 6:00:00,05/05/2023 9:10:02,1,5:15:00,5:15:00,3:10:02,Mecanizado
MAÑANA,DMG 160,4490915,2570,340-002-805-0,"MOYEU 12 BRAS,CARTER INTM",R1.9: MECANIZADO REPROCESO OP30 - OFICIN,05/05/2023 9:10:02,05/05/2023 14:00:00,1,4:00:00,4:00:00,4:49:58,Mecanizado
TARDE,DMG 160,4490915,2570,340-002-805-0,"MOYEU 12 BRAS,CARTER INTM",R1.9: MECANIZADO REPROCESO OP30 - OFICIN,05/05/2023 14:00:00,05/05/2023 15:56:40,1,4:00:00,4:00:00,1:56:40,Mecanizado
TARDE,DMG 160,4490915,2570,340-002-805-0,"MOYEU 12 BRAS,CARTER INTM",R1.9: MECANIZADO REPROCESO OP30 - OFICIN,05/05/2023 15:56:56,05/05/2023 15:58:13,1,4:00:00,4:00:00,0:01:17,Mecanizado
TARDE,DMG 160,4490915,2570,340-002-805-0,"MOYEU 12 BRAS,CARTER INTM",R1.9: MECANIZADO REPROCESO OP30 - OFICIN,05/05/2023 15:58:16,05/05/2023 15:58:23,1,4:00:00,4:00:00,0:00:07,Mecanizado
TARDE,DMG 160,4490915,2570,340-002-805-0,"MOYEU 12 BRAS,CARTER INTM",R1.9: MECANIZADO REPROCESO OP30 - OFICIN,05/05/2023 15:58:36,05/05/2023 22:00:00,1,4:00:00,4:00:00,6:01:24,Mecanizado
NOCHE,DMG 160,4490915,2570,340-002-805-0,"MOYEU 12 BRAS,CARTER INTM",R1.9: MECANIZADO REPROCESO OP30 - OFICIN,05/05/2023 22:01:02,06/05/2023 6:00:00,1,4:00:00,4:00:00,7:58:58,Mecanizado
FESTIVO,DMG 160,4490915,2570,340-002-805-0,"MOYEU 12 BRAS,CARTER INTM",R1.9: MECANIZADO REPROCESO OP30 - OFICIN,06/05/2023 6:01:32,07/05/2023 6:00:00,1,4:00:00,4:00:00,23:58:28,Mecanizado
MAÑANA,DMG 160,4490915,2570,340-002-805-0,"MOYEU 12 BRAS,CARTER INTM",R1.9: MECANIZADO REPROCESO OP30 - OFICIN,07/05/2023 6:01:11,07/05/2023 14:00:00,1,4:00:00,4:00:00,7:58:49,Mecanizado
TARDE,DMG 160,4490915,2570,340-002-805-0,"MOYEU 12 BRAS,CARTER INTM",R1.9: MECANIZADO REPROCESO OP30 - OFICIN,07/05/2023 14:00:48,07/05/2023 22:00:00,1,4:00:00,4:00:00,7:59:12,Mecanizado
NOCHE,DMG 160,4490915,2570,340-002-805-0,"MOYEU 12 BRAS,CARTER INTM",R1.9: MECANIZADO REPROCESO OP30 - OFICIN,07/05/2023 22:00:00,07/05/2023 22:02:48,1,4:00:00,4:00:00,0:02:48,Mecanizado
NOCHE,DMG 160,4490915,2570,340-002-805-0,"MOYEU 12 BRAS,CARTER INTM",R1.9: MECANIZADO REPROCESO OP30 - OFICIN,07/05/2023 22:02:53,07/05/2023 23:27:26,1,4:00:00,4:00:00,1:24:33,Mecanizado
NOCHE,DMG 160,4588634,1650,LV17226,"RING, ASSY REAR MOUNT",*EC* DMG-OP45: ACABADO / FINISHING MACHI,07/05/2023 23:27:26,08/05/2023 4:47:11,1,3:45:00,3:45:00,5:19:45,Mecanizado
NOCHE,DMG 160,4588634,1700,LV17226,"RING, ASSY REAR MOUNT",*MEC* DMG-OP50: ACABADO / FINISHING MACH,08/05/2023 4:47:11,08/05/2023 6:00:00,1,4:45:00,4:45:00,1:12:49,Mecanizado
MAÑANA,DMG 160,4588634,1700,LV17226,"RING, ASSY REAR MOUNT",*MEC* DMG-OP50: ACABADO / FINISHING MACH,08/05/2023 6:00:00,08/05/2023 8:58:14,1,4:45:00,4:45:00,2:58:14,Mecanizado
MAÑANA,DMG 160,4588634,1700,LV17226,"RING, ASSY REAR MOUNT",*MEC* DMG-OP50: ACABADO / FINISHING MACH,08/05/2023 8:58:28,08/05/2023 8:58:33,1,4:45:00,4:45:00,0:00:05,Mecanizado
MAÑANA,DMG 160,4588634,1700,LV17226,"RING, ASSY REAR MOUNT",*MEC* DMG-OP50: ACABADO / FINISHING MACH,08/05/2023 8:58:33,08/05/2023 8:58:57,1,4:45:00,4:45:00,0:00:24,Mecanizado
MAÑANA,DMG 160,4588634,1700,LV17226,"RING, ASSY REAR MOUNT",*MEC* DMG-OP50: ACABADO / FINISHING MACH,08/05/2023 8:58:57,08/05/2023 9:06:29,1,4:45:00,4:45:00,0:07:32,Mecanizado
MAÑANA,DMG 160,4588634,1700,LV17226,"RING, ASSY REAR MOUNT",*MEC* DMG-OP50: ACABADO / FINISHING MACH,08/05/2023 9:06:29,08/05/2023 9:12:32,1,4:45:00,4:45:00,0:06:03,Mecanizado
MAÑANA,DMG 160,4588634,1730,LV17226,"RING, ASSY REAR MOUNT",*EC* DMG-OP55: ACABADO / FINISHING MACHI,08/05/2023 9:12:32,08/05/2023 14:00:00,1,2:30:00,2:30:00,4:47:28,Mecanizado
TARDE,DMG 160,4588634,1730,LV17226,"RING, ASSY REAR MOUNT",*EC* DMG-OP55: ACABADO / FINISHING MACHI,08/05/2023 14:00:00,08/05/2023 14:03:48,1,2:30:00,2:30:00,0:03:48,Mecanizado
TARDE,DMG 160,4588634,1740,LV17226,"RING, ASSY REAR MOUNT",*EC* DMG-OP58: ACABADO / FINISHING MACHI,08/05/2023 14:16:30,08/05/2023 16:57:57,1,2:30:00,2:30:00,2:41:27,Mecanizado
TARDE,DMG 160,4588634,1750,LV17226,"RING, ASSY REAR MOUNT",*MEC* DMG-OP60: ACABADO / FINISHING MACH,08/05/2023 16:57:57,08/05/2023 17:39:54,1,1:00:00,1:00:00,0:41:57,Mecanizado
TARDE,DMG 160,4607104,1400,340-002-805-0,"MOYEU 12 BRAS,CARTER INTM",MECANIZADO OP10,08/05/2023 17:39:54,08/05/2023 21:23:48,1,4:30:00,4:30:00,3:43:54,Mecanizado
TARDE,DMG 160,4594489,1600,LV17226,"RING, ASSY REAR MOUNT",*MEC* DMG-OP40-ACABADO / FINISHING MACHI,08/05/2023 21:23:48,08/05/2023 22:00:00,1,5:15:00,5:15:00,0:36:12,Mecanizado
NOCHE,DMG 160,4594489,1600,LV17226,"RING, ASSY REAR MOUNT",*MEC* DMG-OP40-ACABADO / FINISHING MACHI,08/05/2023 22:00:00,09/05/2023 3:06:12,1,5:15:00,5:15:00,5:06:12,Mecanizado
NOCHE,DMG 160,4594489,1650,LV17226,"RING, ASSY REAR MOUNT",*EC* DMG-OP45: ACABADO / FINISHING MACHI,09/05/2023 3:06:12,09/05/2023 6:00:00,1,3:45:00,3:45:00,2:53:48,Mecanizado
MAÑANA,DMG 160,4594489,1650,LV17226,"RING, ASSY REAR MOUNT",*EC* DMG-OP45: ACABADO / FINISHING MACHI,09/05/2023 6:00:00,09/05/2023 7:35:13,1,3:45:00,3:45:00,1:35:13,Mecanizado
MAÑANA,DMG 160,4607104,1600,340-002-805-0,"MOYEU 12 BRAS,CARTER INTM",MECANIZADO OP20,09/05/2023 7:35:13,09/05/2023 7:38:51,1,30:00:00,30:00:00,0:03:38,Mecanizado
MAÑANA,DMG 160,4607104,1600,340-002-805-0,"MOYEU 12 BRAS,CARTER INTM",MECANIZADO OP20,09/05/2023 7:38:51,09/05/2023 7:46:51,1,30:00:00,30:00:00,0:08:00,Mecanizado
MAÑANA,DMG 160,4607104,1600,340-002-805-0,"MOYEU 12 BRAS,CARTER INTM",MECANIZADO OP20,09/05/2023 7:46:51,09/05/2023 7:47:13,1,30:00:00,30:00:00,0:00:22,Mecanizado
MAÑANA,DMG 160,4607104,1600,340-002-805-0,"MOYEU 12 BRAS,CARTER INTM",MECANIZADO OP20,09/05/2023 7:47:13,09/05/2023 8:18:53,1,30:00:00,30:00:00,0:31:40,Mecanizado
MAÑANA,DMG 160,4607104,1600,340-002-805-0,"MOYEU 12 BRAS,CARTER INTM",MECANIZADO OP20,09/05/2023 8:18:53,09/05/2023 8:39:59,1,30:00:00,30:00:00,0:21:06,Mecanizado
MAÑANA,DMG 160,4607104,1600,340-002-805-0,"MOYEU 12 BRAS,CARTER INTM",MECANIZADO OP20,09/05/2023 8:39:59,09/05/2023 9:10:37,1,30:00:00,30:00:00,0:30:38,Mecanizado
MAÑANA,DMG 160,4607104,1600,340-002-805-0,"MOYEU 12 BRAS,CARTER INTM",MECANIZADO OP20,09/05/2023 9:10:37,09/05/2023 9:10:39,1,30:00:00,30:00:00,0:00:02,Mecanizado
MAÑANA,DMG 160,4607104,1600,340-002-805-0,"MOYEU 12 BRAS,CARTER INTM",MECANIZADO OP20,09/05/2023 9:10:39,09/05/2023 9:17:42,1,30:00:00,30:00:00,0:07:03,Mecanizado
MAÑANA,DMG 160,4607104,1600,340-002-805-0,"MOYEU 12 BRAS,CARTER INTM",MECANIZADO OP20,09/05/2023 9:17:42,09/05/2023 12:37:49,1,30:00:00,30:00:00,3:20:07,Mecanizado
MAÑANA,DMG 160,4594489,1700,LV17226,"RING, ASSY REAR MOUNT",*MEC* DMG-OP50: ACABADO / FINISHING MACH,09/05/2023 12:37:49,09/05/2023 12:51:50,1,4:45:00,4:45:00,0:14:01,Mecanizado
MAÑANA,DMG 160,4594489,1700,LV17226,"RING, ASSY REAR MOUNT",*MEC* DMG-OP50: ACABADO / FINISHING MACH,09/05/2023 12:51:50,09/05/2023 13:40:50,1,4:45:00,4:45:00,0:49:00,Mecanizado
MAÑANA,DMG 160,4594489,1700,LV17226,"RING, ASSY REAR MOUNT",*MEC* DMG-OP50: ACABADO / FINISHING MACH,09/05/2023 13:40:50,09/05/2023 14:00:00,1,4:45:00,4:45:00,0:19:10,Mecanizado
TARDE,DMG 160,4594489,1700,LV17226,"RING, ASSY REAR MOUNT",*MEC* DMG-OP50: ACABADO / FINISHING MACH,09/05/2023 14:00:00,09/05/2023 17:00:37,1,4:45:00,4:45:00,3:00:37,Mecanizado
TARDE,DMG 160,4594489,1730,LV17226,"RING, ASSY REAR MOUNT",*EC* DMG-OP55: ACABADO / FINISHING MACHI,09/05/2023 17:02:59,09/05/2023 21:33:12,1,2:30:00,2:30:00,4:30:13,Mecanizado
TARDE,DMG 160,4594489,1740,LV17226,"RING, ASSY REAR MOUNT",*EC* DMG-OP58: ACABADO / FINISHING MACHI,09/05/2023 21:46:15,09/05/2023 22:00:00,1,2:30:00,2:30:00,0:13:45,Mecanizado
NOCHE,DMG 160,4594489,1740,LV17226,"RING, ASSY REAR MOUNT",*EC* DMG-OP58: ACABADO / FINISHING MACHI,09/05/2023 22:00:00,09/05/2023 23:54:28,1,2:30:00,2:30:00,1:54:28,Mecanizado
NOCHE,DMG 160,4594489,1750,LV17226,"RING, ASSY REAR MOUNT",*MEC* DMG-OP60: ACABADO / FINISHING MACH,10/05/2023 0:19:07,10/05/2023 1:08:11,1,1:00:00,1:00:00,0:49:04,Mecanizado
NOCHE,DMG 160,4607104,1600,340-002-805-0,"MOYEU 12 BRAS,CARTER INTM",MECANIZADO OP20,10/05/2023 1:08:11,10/05/2023 6:00:00,1,30:00:00,30:00:00,4:51:49,Mecanizado
MAÑANA,DMG 160,4607104,1600,340-002-805-0,"MOYEU 12 BRAS,CARTER INTM",MECANIZADO OP20,10/05/2023 6:00:00,10/05/2023 7:57:36,1,30:00:00,30:00:00,1:57:36,Mecanizado
MAÑANA,DMG 160,4607104,1600,340-002-805-0,"MOYEU 12 BRAS,CARTER INTM",MECANIZADO OP20,10/05/2023 7:57:36,10/05/2023 8:22:33,1,30:00:00,30:00:00,0:24:57,Mecanizado
MAÑANA,DMG 160,4607104,1600,340-002-805-0,"MOYEU 12 BRAS,CARTER INTM",MECANIZADO OP20,10/05/2023 8:22:33,10/05/2023 9:00:38,1,30:00:00,30:00:00,0:38:05,Mecanizado
MAÑANA,DMG 160,4607104,1600,340-002-805-0,"MOYEU 12 BRAS,CARTER INTM",MECANIZADO OP20,10/05/2023 9:00:38,10/05/2023 9:24:13,1,30:00:00,30:00:00,0:23:35,Mecanizado
MAÑANA,DMG 160,4607104,1600,340-002-805-0,"MOYEU 12 BRAS,CARTER INTM",MECANIZADO OP20,10/05/2023 9:24:13,10/05/2023 11:49:42,1,30:00:00,30:00:00,2:25:29,Mecanizado
MAÑANA,DMG 160,4607104,1600,340-002-805-0,"MOYEU 12 BRAS,CARTER INTM",MECANIZADO OP20,10/05/2023 11:49:42,10/05/2023 12:02:36,1,30:00:00,30:00:00,0:12:54,Mecanizado
MAÑANA,DMG 160,4607104,1600,340-002-805-0,"MOYEU 12 BRAS,CARTER INTM",MECANIZADO OP20,10/05/2023 12:02:36,10/05/2023 12:02:40,1,30:00:00,30:00:00,0:00:04,Mecanizado
MAÑANA,DMG 160,4607104,1600,340-002-805-0,"MOYEU 12 BRAS,CARTER INTM",MECANIZADO OP20,10/05/2023 12:02:40,10/05/2023 12:26:41,1,30:00:00,30:00:00,0:24:01,Mecanizado
MAÑANA,DMG 160,4607104,1600,340-002-805-0,"MOYEU 12 BRAS,CARTER INTM",MECANIZADO OP20,10/05/2023 12:26:41,10/05/2023 14:00:00,1,30:00:00,30:00:00,1:33:19,Mecanizado
TARDE,DMG 160,4607104,1600,340-002-805-0,"MOYEU 12 BRAS,CARTER INTM",MECANIZADO OP20,10/05/2023 14:00:00,10/05/2023 15:21:38,1,30:00:00,30:00:00,1:21:38,Mecanizado
TARDE,DMG 160,4594490,1600,LV17226,"RING, ASSY REAR MOUNT",*MEC* DMG-OP40-ACABADO / FINISHING MACHI,10/05/2023 15:21:38,10/05/2023 20:46:47,1,5:15:00,5:15:00,5:25:09,Mecanizado
TARDE,DMG 160,4594490,1650,LV17226,"RING, ASSY REAR MOUNT",*EC* DMG-OP45: ACABADO / FINISHING MACHI,10/05/2023 20:46:47,10/05/2023 22:00:00,1,3:45:00,3:45:00,1:13:13,Mecanizado
NOCHE,DMG 160,4594490,1650,LV17226,"RING, ASSY REAR MOUNT",*EC* DMG-OP45: ACABADO / FINISHING MACHI,10/05/2023 22:00:00,11/05/2023 2:27:28,1,3:45:00,3:45:00,4:27:28,Mecanizado
NOCHE,DMG 160,4607104,1600,340-002-805-0,"MOYEU 12 BRAS,CARTER INTM",MECANIZADO OP20,11/05/2023 2:27:28,11/05/2023 6:00:00,1,30:00:00,30:00:00,3:32:32,Mecanizado
MAÑANA,DMG 160,4607104,1600,340-002-805-0,"MOYEU 12 BRAS,CARTER INTM",MECANIZADO OP20,11/05/2023 6:00:00,11/05/2023 8:15:14,1,30:00:00,30:00:00,2:15:14,Mecanizado
MAÑANA,DMG 160,4607104,1600,340-002-805-0,"MOYEU 12 BRAS,CARTER INTM",MECANIZADO OP20,11/05/2023 8:15:14,11/05/2023 8:54:15,1,30:00:00,30:00:00,0:39:01,Mecanizado
MAÑANA,DMG 160,4607104,1600,340-002-805-0,"MOYEU 12 BRAS,CARTER INTM",MECANIZADO OP20,11/05/2023 8:54:15,11/05/2023 9:03:28,1,30:00:00,30:00:00,0:09:13,Mecanizado
MAÑANA,DMG 160,4607104,1600,340-002-805-0,"MOYEU 12 BRAS,CARTER INTM",MECANIZADO OP20,11/05/2023 9:03:28,11/05/2023 10:40:27,1,30:00:00,30:00:00,1:36:59,Mecanizado
MAÑANA,DMG 160,4607104,1600,340-002-805-0,"MOYEU 12 BRAS,CARTER INTM",MECANIZADO OP20,11/05/2023 10:40:27,11/05/2023 11:24:21,1,30:00:00,30:00:00,0:43:54,Mecanizado
MAÑANA,DMG 160,4607104,1600,340-002-805-0,"MOYEU 12 BRAS,CARTER INTM",MECANIZADO OP20,11/05/2023 11:24:21,11/05/2023 12:02:00,1,30:00:00,30:00:00,0:37:39,Mecanizado
MAÑANA,DMG 160,4607104,1600,340-002-805-0,"MOYEU 12 BRAS,CARTER INTM",MECANIZADO OP20,11/05/2023 12:02:00,11/05/2023 12:17:43,1,30:00:00,30:00:00,0:15:43,Mecanizado
MAÑANA,DMG 160,4594490,1700,LV17226,"RING, ASSY REAR MOUNT",*MEC* DMG-OP50: ACABADO / FINISHING MACH,11/05/2023 12:17:43,11/05/2023 13:10:01,1,4:45:00,4:45:00,0:52:18,Mecanizado
MAÑANA,DMG 160,4594490,1700,LV17226,"RING, ASSY REAR MOUNT",*MEC* DMG-OP50: ACABADO / FINISHING MACH,11/05/2023 13:10:01,11/05/2023 13:30:44,1,4:45:00,4:45:00,0:20:43,Mecanizado
MAÑANA,DMG 160,4594490,1700,LV17226,"RING, ASSY REAR MOUNT",*MEC* DMG-OP50: ACABADO / FINISHING MACH,11/05/2023 13:30:44,11/05/2023 14:00:00,1,4:45:00,4:45:00,0:29:16,Mecanizado
TARDE,DMG 160,4594490,1700,LV17226,"RING, ASSY REAR MOUNT",*MEC* DMG-OP50: ACABADO / FINISHING MACH,11/05/2023 14:00:00,11/05/2023 17:27:46,1,4:45:00,4:45:00,3:27:46,Mecanizado
TARDE,DMG 160,4594490,1730,LV17226,"RING, ASSY REAR MOUNT",*EC* DMG-OP55: ACABADO / FINISHING MACHI,11/05/2023 17:27:46,11/05/2023 22:00:00,1,2:30:00,2:30:00,4:32:14,Mecanizado
NOCHE,DMG 160,4594490,1730,LV17226,"RING, ASSY REAR MOUNT",*EC* DMG-OP55: ACABADO / FINISHING MACHI,11/05/2023 22:00:00,11/05/2023 23:07:20,1,2:30:00,2:30:00,1:07:20,Mecanizado
NOCHE,DMG 160,4594490,1740,LV17226,"RING, ASSY REAR MOUNT",*EC* DMG-OP58: ACABADO / FINISHING MACHI,11/05/2023 23:07:20,12/05/2023 1:51:09,1,2:30:00,2:30:00,2:43:49,Mecanizado
NOCHE,DMG 160,4594490,1750,LV17226,"RING, ASSY REAR MOUNT",*MEC* DMG-OP60: ACABADO / FINISHING MACH,12/05/2023 1:51:09,12/05/2023 2:49:35,1,1:00:00,1:00:00,0:58:26,Mecanizado
NOCHE,DMG 160,4607104,1900,340-002-805-0,"MOYEU 12 BRAS,CARTER INTM",MECANIZADO OP30,12/05/2023 2:49:35,12/05/2023 6:00:00,1,10:00:00,10:00:00,3:10:25,Mecanizado
MAÑANA,DMG 160,4607104,1900,340-002-805-0,"MOYEU 12 BRAS,CARTER INTM",MECANIZADO OP30,12/05/2023 6:00:00,12/05/2023 7:58:07,1,10:00:00,10:00:00,1:58:07,Mecanizado
MAÑANA,DMG 160,4607104,1900,340-002-805-0,"MOYEU 12 BRAS,CARTER INTM",MECANIZADO OP30,12/05/2023 7:58:07,12/05/2023 8:17:13,1,10:00:00,10:00:00,0:19:06,Mecanizado
MAÑANA,DMG 160,4607104,1900,340-002-805-0,"MOYEU 12 BRAS,CARTER INTM",MECANIZADO OP30,12/05/2023 8:17:13,12/05/2023 9:15:31,1,10:00:00,10:00:00,0:58:18,Mecanizado
MAÑANA,DMG 160,4607104,1900,340-002-805-0,"MOYEU 12 BRAS,CARTER INTM",MECANIZADO OP30,12/05/2023 9:15:31,12/05/2023 9:18:52,1,10:00:00,10:00:00,0:03:21,Mecanizado
MAÑANA,DMG 160,4607104,1900,340-002-805-0,"MOYEU 12 BRAS,CARTER INTM",MECANIZADO OP30,12/05/2023 9:18:52,12/05/2023 11:03:41,1,10:00:00,10:00:00,1:44:49,Mecanizado
MAÑANA,DMG 160,4607104,1900,340-002-805-0,"MOYEU 12 BRAS,CARTER INTM",MECANIZADO OP30,12/05/2023 11:03:41,12/05/2023 11:09:47,1,10:00:00,10:00:00,0:06:06,Mecanizado
MAÑANA,DMG 160,4607104,1900,340-002-805-0,"MOYEU 12 BRAS,CARTER INTM",MECANIZADO OP30,12/05/2023 11:09:47,12/05/2023 11:30:45,1,10:00:00,10:00:00,0:20:58,Mecanizado
MAÑANA,DMG 160,4607104,1900,340-002-805-0,"MOYEU 12 BRAS,CARTER INTM",MECANIZADO OP30,12/05/2023 11:30:45,12/05/2023 11:50:09,1,10:00:00,10:00:00,0:19:24,Mecanizado
MAÑANA,DMG 160,4607104,1900,340-002-805-0,"MOYEU 12 BRAS,CARTER INTM",MECANIZADO OP30,12/05/2023 11:50:09,12/05/2023 11:56:09,1,10:00:00,10:00:00,0:06:00,Mecanizado
MAÑANA,DMG 160,4597160,1600,LV17226,"RING, ASSY REAR MOUNT",*MEC* DMG-OP40-ACABADO / FINISHING MACHI,12/05/2023 11:56:09,12/05/2023 12:39:41,1,5:15:00,5:15:00,0:43:32,Mecanizado
MAÑANA,DMG 160,4597160,1600,LV17226,"RING, ASSY REAR MOUNT",*MEC* DMG-OP40-ACABADO / FINISHING MACHI,12/05/2023 12:39:41,12/05/2023 13:28:35,1,5:15:00,5:15:00,0:48:54,Mecanizado
MAÑANA,DMG 160,4597160,1600,LV17226,"RING, ASSY REAR MOUNT",*MEC* DMG-OP40-ACABADO / FINISHING MACHI,12/05/2023 13:28:35,12/05/2023 13:35:40,1,5:15:00,5:15:00,0:07:05,Mecanizado
MAÑANA,DMG 160,4597160,1600,LV17226,"RING, ASSY REAR MOUNT",*MEC* DMG-OP40-ACABADO / FINISHING MACHI,12/05/2023 13:35:40,12/05/2023 13:48:41,1,5:15:00,5:15:00,0:13:01,Mecanizado
MAÑANA,DMG 160,4597160,1600,LV17226,"RING, ASSY REAR MOUNT",*MEC* DMG-OP40-ACABADO / FINISHING MACHI,12/05/2023 13:48:41,12/05/2023 14:00:00,1,5:15:00,5:15:00,0:11:19,Mecanizado
TARDE,DMG 160,4597160,1600,LV17226,"RING, ASSY REAR MOUNT",*MEC* DMG-OP40-ACABADO / FINISHING MACHI,12/05/2023 14:00:00,12/05/2023 17:48:21,1,5:15:00,5:15:00,3:48:21,Mecanizado
TARDE,DMG 160,4597160,1650,LV17226,"RING, ASSY REAR MOUNT",*EC* DMG-OP45: ACABADO / FINISHING MACHI,12/05/2023 17:48:21,12/05/2023 21:43:26,1,3:45:00,3:45:00,3:55:05,Mecanizado
NOCHE,DMG 160,4597160,1700,LV17226,"RING, ASSY REAR MOUNT",*MEC* DMG-OP50: ACABADO / FINISHING MACH,14/05/2023 22:53:12,15/05/2023 3:52:56,1,4:45:00,4:45:00,4:59:44,Mecanizado
NOCHE,DMG 160,4597160,1700,LV17226,"RING, ASSY REAR MOUNT",*MEC* DMG-OP50: ACABADO / FINISHING MACH,15/05/2023 3:53:17,15/05/2023 3:54:33,1,4:45:00,4:45:00,0:01:16,Mecanizado
NOCHE,DMG 160,4597160,1700,LV17226,"RING, ASSY REAR MOUNT",*MEC* DMG-OP50: ACABADO / FINISHING MACH,15/05/2023 3:54:41,15/05/2023 3:54:56,1,4:45:00,4:45:00,0:00:15,Mecanizado
NOCHE,DMG 160,4597160,1700,LV17226,"RING, ASSY REAR MOUNT",*MEC* DMG-OP50: ACABADO / FINISHING MACH,15/05/2023 3:54:56,15/05/2023 3:58:30,1,4:45:00,4:45:00,0:03:34,Mecanizado
NOCHE,DMG 160,4597160,1700,LV17226,"RING, ASSY REAR MOUNT",*MEC* DMG-OP50: ACABADO / FINISHING MACH,15/05/2023 3:58:30,15/05/2023 4:15:01,1,4:45:00,4:45:00,0:16:31,Mecanizado
NOCHE,DMG 160,4597160,1700,LV17226,"RING, ASSY REAR MOUNT",*MEC* DMG-OP50: ACABADO / FINISHING MACH,15/05/2023 4:15:01,15/05/2023 4:15:04,1,4:45:00,4:45:00,0:00:03,Mecanizado
NOCHE,DMG 160,4597160,1700,LV17226,"RING, ASSY REAR MOUNT",*MEC* DMG-OP50: ACABADO / FINISHING MACH,15/05/2023 4:15:04,15/05/2023 4:52:58,1,4:45:00,4:45:00,0:37:54,Mecanizado
NOCHE,DMG 160,4505953,2510,340-002-805-0,"MOYEU 12 BRAS,CARTER INTM",R1.1: MECANIZADO REPROCESO OP30 - OFICIN,15/05/2023 4:52:58,15/05/2023 5:08:10,1,4:00:00,4:00:00,0:15:12,Mecanizado
NOCHE,DMG 160,4505953,2510,340-002-805-0,"MOYEU 12 BRAS,CARTER INTM",R1.1: MECANIZADO REPROCESO OP30 - OFICIN,15/05/2023 5:08:10,15/05/2023 6:00:00,1,4:00:00,4:00:00,0:51:50,Mecanizado
MAÑANA,DMG 160,4505953,2510,340-002-805-0,"MOYEU 12 BRAS,CARTER INTM",R1.1: MECANIZADO REPROCESO OP30 - OFICIN,15/05/2023 6:00:00,15/05/2023 10:49:10,1,4:00:00,4:00:00,4:49:10,Mecanizado
MAÑANA,DMG 160,4597160,1730,LV17226,"RING, ASSY REAR MOUNT",*EC* DMG-OP55: ACABADO / FINISHING MACHI,15/05/2023 10:49:10,15/05/2023 14:00:00,1,2:30:00,2:30:00,3:10:50,Mecanizado
TARDE,DMG 160,4597160,1730,LV17226,"RING, ASSY REAR MOUNT",*EC* DMG-OP55: ACABADO / FINISHING MACHI,15/05/2023 14:00:00,15/05/2023 17:14:43,1,2:30:00,2:30:00,3:14:43,Mecanizado
NOCHE,DMG 160,4597160,1740,LV17226,"RING, ASSY REAR MOUNT",*EC* DMG-OP58: ACABADO / FINISHING MACHI,15/05/2023 22:40:30,15/05/2023 22:44:31,1,2:30:00,2:30:00,0:04:01,Mecanizado
NOCHE,DMG 160,4597160,1740,LV17226,"RING, ASSY REAR MOUNT",*EC* DMG-OP58: ACABADO / FINISHING MACHI,15/05/2023 22:44:31,16/05/2023 1:07:56,1,2:30:00,2:30:00,2:23:25,Mecanizado
NOCHE,DMG 160,4597160,1740,LV17226,"RING, ASSY REAR MOUNT",*EC* DMG-OP58: ACABADO / FINISHING MACHI,16/05/2023 1:07:56,16/05/2023 1:23:01,1,2:30:00,2:30:00,0:15:05,Mecanizado
NOCHE,DMG 160,4570025,2900,LV17226,"RING, ASSY REAR MOUNT",*MEC* DMG-OP70-MECANIZADO CASQUILLOS / B,16/05/2023 1:55:05,16/05/2023 4:46:21,1,1:30:00,1:30:00,2:51:16,Mecanizado
NOCHE,DMG 160,4570025,2900,LV17226,"RING, ASSY REAR MOUNT",*MEC* DMG-OP70-MECANIZADO CASQUILLOS / B,16/05/2023 4:46:21,16/05/2023 4:56:17,1,1:30:00,1:30:00,0:09:56,Mecanizado
NOCHE,DMG 160,4570025,2900,LV17226,"RING, ASSY REAR MOUNT",*MEC* DMG-OP70-MECANIZADO CASQUILLOS / B,16/05/2023 4:56:17,16/05/2023 4:56:29,1,1:30:00,1:30:00,0:00:12,Mecanizado
NOCHE,DMG 160,4570026,2900,LV17226,"RING, ASSY REAR MOUNT",*MEC* DMG-OP70-MECANIZADO CASQUILLOS / B,16/05/2023 5:15:37,16/05/2023 5:21:36,1,1:30:00,1:30:00,0:05:59,Mecanizado
NOCHE,DMG 160,4570026,2900,LV17226,"RING, ASSY REAR MOUNT",*MEC* DMG-OP70-MECANIZADO CASQUILLOS / B,16/05/2023 5:21:36,16/05/2023 6:00:00,1,1:30:00,1:30:00,0:38:24,Mecanizado
MAÑANA,DMG 160,4570026,2900,LV17226,"RING, ASSY REAR MOUNT",*MEC* DMG-OP70-MECANIZADO CASQUILLOS / B,16/05/2023 6:00:00,16/05/2023 7:43:05,1,1:30:00,1:30:00,1:43:05,Mecanizado
MAÑANA,DMG 160,4608522,400,LV17290,"RING, ASSY REAR MOUNT",*MEC* DMG-OP10-DESBASTE / ROUGH MACHININ,16/05/2023 10:17:24,16/05/2023 14:00:00,1,5:00:00,5:00:00,3:42:36,Mecanizado
TARDE,DMG 160,4608522,400,LV17290,"RING, ASSY REAR MOUNT",*MEC* DMG-OP10-DESBASTE / ROUGH MACHININ,16/05/2023 14:00:00,16/05/2023 22:00:00,1,5:00:00,5:00:00,8:00:00,Mecanizado
NOCHE,DMG 160,4608522,400,LV17290,"RING, ASSY REAR MOUNT",*MEC* DMG-OP10-DESBASTE / ROUGH MACHININ,16/05/2023 22:00:00,16/05/2023 23:25:02,1,5:00:00,5:00:00,1:25:02,Mecanizado
NOCHE,DMG 160,4608522,400,LV17290,"RING, ASSY REAR MOUNT",*MEC* DMG-OP10-DESBASTE / ROUGH MACHININ,16/05/2023 23:25:02,17/05/2023 5:34:45,1,5:00:00,5:00:00,6:09:43,Mecanizado
NOCHE,DMG 160,4608522,400,LV17290,"RING, ASSY REAR MOUNT",*MEC* DMG-OP10-DESBASTE / ROUGH MACHININ,17/05/2023 5:34:45,17/05/2023 5:46:20,1,5:00:00,5:00:00,0:11:35,Mecanizado
NOCHE,DMG 160,4320540,1900,340-002-805-0,"MOYEU 12 BRAS,CARTER INTM",MECANIZADO OP30,17/05/2023 5:46:20,17/05/2023 6:00:00,1,11:00:00,11:00:00,0:13:40,Mecanizado
MAÑANA,DMG 160,4320540,1900,340-002-805-0,"MOYEU 12 BRAS,CARTER INTM",MECANIZADO OP30,17/05/2023 6:00:00,17/05/2023 9:16:37,1,11:00:00,11:00:00,3:16:37,Mecanizado
MAÑANA,DMG 160,4608522,400,LV17290,"RING, ASSY REAR MOUNT",*MEC* DMG-OP10-DESBASTE / ROUGH MACHININ,17/05/2023 9:16:37,17/05/2023 9:16:44,1,5:00:00,5:00:00,0:00:07,Mecanizado
MAÑANA,DMG 160,4320540,1900,340-002-805-0,"MOYEU 12 BRAS,CARTER INTM",MECANIZADO OP30,17/05/2023 9:16:44,17/05/2023 13:01:09,1,11:00:00,11:00:00,3:44:25,Mecanizado
MAÑANA,DMG 160,4608522,500,LV17290,"RING, ASSY REAR MOUNT",*MEC* DMG-OP20-DESBASTE / ROUGH MACHININ,17/05/2023 13:01:09,17/05/2023 14:00:00,1,10:00:00,10:00:00,0:58:51,Mecanizado
TARDE,DMG 160,4608522,500,LV17290,"RING, ASSY REAR MOUNT",*MEC* DMG-OP20-DESBASTE / ROUGH MACHININ,17/05/2023 14:00:00,17/05/2023 22:00:00,1,10:00:00,10:00:00,8:00:00,Mecanizado
NOCHE,DMG 160,4608522,500,LV17290,"RING, ASSY REAR MOUNT",*MEC* DMG-OP20-DESBASTE / ROUGH MACHININ,17/05/2023 22:00:00,18/05/2023 4:55:26,1,10:00:00,10:00:00,6:55:26,Mecanizado
NOCHE,DMG 160,4608522,500,LV17290,"RING, ASSY REAR MOUNT",*MEC* DMG-OP20-DESBASTE / ROUGH MACHININ,18/05/2023 4:55:26,18/05/2023 5:53:20,1,10:00:00,10:00:00,0:57:54,Mecanizado
NOCHE,DMG 160,4608522,500,LV17290,"RING, ASSY REAR MOUNT",*MEC* DMG-OP20-DESBASTE / ROUGH MACHININ,18/05/2023 5:53:20,18/05/2023 6:00:00,1,10:00:00,10:00:00,0:06:40,Mecanizado
MAÑANA,DMG 160,4608522,500,LV17290,"RING, ASSY REAR MOUNT",*MEC* DMG-OP20-DESBASTE / ROUGH MACHININ,18/05/2023 6:00:00,18/05/2023 12:14:01,1,10:00:00,10:00:00,6:14:01,Mecanizado
MAÑANA,DMG 160,4597160,1750,LV17226,"RING, ASSY REAR MOUNT",*MEC* DMG-OP60: ACABADO / FINISHING MACH,18/05/2023 12:48:16,18/05/2023 14:00:00,1,1:00:00,1:00:00,1:11:44,Mecanizado
TARDE,DMG 160,4597160,1750,LV17226,"RING, ASSY REAR MOUNT",*MEC* DMG-OP60: ACABADO / FINISHING MACH,18/05/2023 14:00:00,18/05/2023 14:15:57,1,1:00:00,1:00:00,0:15:57,Mecanizado
TARDE,DMG 160,4608522,600,LV17290,"RING, ASSY REAR MOUNT",*MEC* DMG-OP30-DESBASTE / ROUGH MACHININ,18/05/2023 15:10:15,18/05/2023 17:03:41,1,0:45:00,0:45:00,1:53:26,Mecanizado
NOCHE,DMG 160,4608522,700,LV17290,"RING, ASSY REAR MOUNT",*MEC* DMG-OP40-ACABADO / FINISHING MACHI,18/05/2023 23:35:28,18/05/2023 23:37:46,1,4:30:00,4:30:00,0:02:18,Mecanizado
NOCHE,DMG 160,4608522,700,LV17290,"RING, ASSY REAR MOUNT",*MEC* DMG-OP40-ACABADO / FINISHING MACHI,18/05/2023 23:37:46,19/05/2023 6:00:00,1,4:30:00,4:30:00,6:22:14,Mecanizado
MAÑANA,DMG 160,4608522,700,LV17290,"RING, ASSY REAR MOUNT",*MEC* DMG-OP40-ACABADO / FINISHING MACHI,19/05/2023 6:00:00,19/05/2023 8:07:21,1,4:30:00,4:30:00,2:07:21,Mecanizado
MAÑANA,DMG 160,4608522,700,LV17290,"RING, ASSY REAR MOUNT",*MEC* DMG-OP40-ACABADO / FINISHING MACHI,19/05/2023 8:07:38,19/05/2023 8:31:49,1,4:30:00,4:30:00,0:24:11,Mecanizado
MAÑANA,DMG 160,4608522,700,LV17290,"RING, ASSY REAR MOUNT",*MEC* DMG-OP40-ACABADO / FINISHING MACHI,19/05/2023 8:32:09,19/05/2023 8:48:13,1,4:30:00,4:30:00,0:16:04,Mecanizado
MAÑANA,DMG 160,4608522,700,LV17290,"RING, ASSY REAR MOUNT",*MEC* DMG-OP40-ACABADO / FINISHING MACHI,19/05/2023 8:48:29,19/05/2023 8:48:47,1,4:30:00,4:30:00,0:00:18,Mecanizado
MAÑANA,DMG 160,4320540,2504,340-002-805-0,"MOYEU 12 BRAS,CARTER INTM",R1.2: MECANIZADO OP30 - REPARACION - AVI,19/05/2023 8:48:47,19/05/2023 8:49:16,1,4:00:00,4:00:00,0:00:29,Mecanizado
MAÑANA,DMG 160,4608522,700,LV17290,"RING, ASSY REAR MOUNT",*MEC* DMG-OP40-ACABADO / FINISHING MACHI,19/05/2023 8:49:16,19/05/2023 8:54:32,1,4:30:00,4:30:00,0:05:16,Mecanizado
MAÑANA,DMG 160,4320540,1900,340-002-805-0,"MOYEU 12 BRAS,CARTER INTM",MECANIZADO OP30,19/05/2023 8:54:32,19/05/2023 14:00:00,1,11:00:00,11:00:00,5:05:28,Mecanizado
TARDE,DMG 160,4320540,1900,340-002-805-0,"MOYEU 12 BRAS,CARTER INTM",MECANIZADO OP30,19/05/2023 14:00:00,19/05/2023 16:03:23,1,11:00:00,11:00:00,2:03:23,Mecanizado
TARDE,DMG 160,4608522,800,LV17290,"RING, ASSY REAR MOUNT",*EC* DMG-OP45-ACABADO / FINISHING MACHIN,19/05/2023 16:03:23,19/05/2023 22:00:00,1,3:00:00,3:00:00,5:56:37,Mecanizado
NOCHE,DMG 160,4608522,800,LV17290,"RING, ASSY REAR MOUNT",*EC* DMG-OP45-ACABADO / FINISHING MACHIN,19/05/2023 22:00:52,20/05/2023 6:00:00,1,3:00:00,3:00:00,7:59:08,Mecanizado
FESTIVO,DMG 160,4608522,800,LV17290,"RING, ASSY REAR MOUNT",*EC* DMG-OP45-ACABADO / FINISHING MACHIN,20/05/2023 6:01:22,21/05/2023 6:00:00,1,3:00:00,3:00:00,23:58:38,Mecanizado
MAÑANA,DMG 160,4608522,800,LV17290,"RING, ASSY REAR MOUNT",*EC* DMG-OP45-ACABADO / FINISHING MACHIN,21/05/2023 6:01:34,21/05/2023 14:00:00,1,3:00:00,3:00:00,7:58:26,Mecanizado
NOCHE,DMG 160,4608522,900,LV17290,"RING, ASSY REAR MOUNT",*MEC* DMG-OP50-ACABADO / FINISHING MACHI,22/05/2023 5:10:51,22/05/2023 6:00:00,1,4:00:00,4:00:00,0:49:09,Mecanizado
MAÑANA,DMG 160,4608522,900,LV17290,"RING, ASSY REAR MOUNT",*MEC* DMG-OP50-ACABADO / FINISHING MACHI,22/05/2023 6:00:00,22/05/2023 6:31:25,1,4:00:00,4:00:00,0:31:25,Mecanizado
MAÑANA,DMG 160,4608522,1000,LV17290,"RING, ASSY REAR MOUNT",*EC* DMG-OP55-ACABADO / FINISHING MACHIN,22/05/2023 6:31:25,22/05/2023 14:00:00,1,1:45:00,1:45:00,7:28:35,Mecanizado
TARDE,DMG 160,4608522,1000,LV17290,"RING, ASSY REAR MOUNT",*EC* DMG-OP55-ACABADO / FINISHING MACHIN,22/05/2023 14:00:00,22/05/2023 15:02:57,1,1:45:00,1:45:00,1:02:57,Mecanizado
TARDE,DMG 160,4597161,1600,LV17226,"RING, ASSY REAR MOUNT",*MEC* DMG-OP40-ACABADO / FINISHING MACHI,22/05/2023 16:34:38,22/05/2023 18:48:28,1,5:15:00,5:15:00,2:13:50,Mecanizado
TARDE,DMG 160,4597161,1600,LV17226,"RING, ASSY REAR MOUNT",*MEC* DMG-OP40-ACABADO / FINISHING MACHI,22/05/2023 18:48:28,22/05/2023 19:57:53,1,5:15:00,5:15:00,1:09:25,Mecanizado
TARDE,DMG 160,4597161,1600,LV17226,"RING, ASSY REAR MOUNT",*MEC* DMG-OP40-ACABADO / FINISHING MACHI,22/05/2023 19:57:53,22/05/2023 20:14:24,1,5:15:00,5:15:00,0:16:31,Mecanizado
TARDE,DMG 160,4597161,1600,LV17226,"RING, ASSY REAR MOUNT",*MEC* DMG-OP40-ACABADO / FINISHING MACHI,22/05/2023 20:14:24,22/05/2023 20:14:36,1,5:15:00,5:15:00,0:00:12,Mecanizado
TARDE,DMG 160,4597161,1600,LV17226,"RING, ASSY REAR MOUNT",*MEC* DMG-OP40-ACABADO / FINISHING MACHI,22/05/2023 20:14:36,22/05/2023 20:31:16,1,5:15:00,5:15:00,0:16:40,Mecanizado
TARDE,DMG 160,4597161,1600,LV17226,"RING, ASSY REAR MOUNT",*MEC* DMG-OP40-ACABADO / FINISHING MACHI,22/05/2023 20:31:16,22/05/2023 20:58:56,1,5:15:00,5:15:00,0:27:40,Mecanizado
TARDE,DMG 160,4597161,1600,LV17226,"RING, ASSY REAR MOUNT",*MEC* DMG-OP40-ACABADO / FINISHING MACHI,22/05/2023 20:58:56,22/05/2023 22:00:00,1,5:15:00,5:15:00,1:01:04,Mecanizado
NOCHE,DMG 160,4597161,1600,LV17226,"RING, ASSY REAR MOUNT",*MEC* DMG-OP40-ACABADO / FINISHING MACHI,22/05/2023 22:00:00,22/05/2023 22:39:58,1,5:15:00,5:15:00,0:39:58,Mecanizado
NOCHE,DMG 160,4597161,1650,LV17226,"RING, ASSY REAR MOUNT",*EC* DMG-OP45: ACABADO / FINISHING MACHI,22/05/2023 22:39:58,23/05/2023 3:26:36,1,3:45:00,3:45:00,4:46:38,Mecanizado
NOCHE,DMG 160,4619267,1400,340-002-805-0,"MOYEU 12 BRAS,CARTER INTM",MECANIZADO OP10,23/05/2023 3:26:36,23/05/2023 6:00:00,1,4:30:00,4:30:00,2:33:24,Mecanizado
MAÑANA,DMG 160,4619267,1400,340-002-805-0,"MOYEU 12 BRAS,CARTER INTM",MECANIZADO OP10,23/05/2023 6:00:00,23/05/2023 7:30:14,1,4:30:00,4:30:00,1:30:14,Mecanizado
MAÑANA,DMG 160,4597161,1700,LV17226,"RING, ASSY REAR MOUNT",*MEC* DMG-OP50: ACABADO / FINISHING MACH,23/05/2023 13:03:52,23/05/2023 14:00:00,1,4:45:00,4:45:00,0:56:08,Mecanizado
TARDE,DMG 160,4597161,1700,LV17226,"RING, ASSY REAR MOUNT",*MEC* DMG-OP50: ACABADO / FINISHING MACH,23/05/2023 14:00:00,23/05/2023 14:52:41,1,4:45:00,4:45:00,0:52:41,Mecanizado
TARDE,DMG 160,4597161,1700,LV17226,"RING, ASSY REAR MOUNT",*MEC* DMG-OP50: ACABADO / FINISHING MACH,23/05/2023 14:52:41,23/05/2023 17:49:27,1,4:45:00,4:45:00,2:56:46,Mecanizado
TARDE,DMG 160,4597161,1700,LV17226,"RING, ASSY REAR MOUNT",*MEC* DMG-OP50: ACABADO / FINISHING MACH,23/05/2023 17:49:27,23/05/2023 17:49:30,1,4:45:00,4:45:00,0:00:03,Mecanizado
TARDE,DMG 160,4597161,1700,LV17226,"RING, ASSY REAR MOUNT",*MEC* DMG-OP50: ACABADO / FINISHING MACH,23/05/2023 17:49:30,23/05/2023 17:49:47,1,4:45:00,4:45:00,0:00:17,Mecanizado
TARDE,DMG 160,4597161,1700,LV17226,"RING, ASSY REAR MOUNT",*MEC* DMG-OP50: ACABADO / FINISHING MACH,23/05/2023 17:49:58,23/05/2023 17:50:06,1,4:45:00,4:45:00,0:00:08,Mecanizado
TARDE,DMG 160,4597161,1700,LV17226,"RING, ASSY REAR MOUNT",*MEC* DMG-OP50: ACABADO / FINISHING MACH,23/05/2023 17:50:18,23/05/2023 17:50:27,1,4:45:00,4:45:00,0:00:09,Mecanizado
TARDE,DMG 160,4597161,1700,LV17226,"RING, ASSY REAR MOUNT",*MEC* DMG-OP50: ACABADO / FINISHING MACH,23/05/2023 17:50:27,23/05/2023 17:50:43,1,4:45:00,4:45:00,0:00:16,Mecanizado
TARDE,DMG 160,4597161,1700,LV17226,"RING, ASSY REAR MOUNT",*MEC* DMG-OP50: ACABADO / FINISHING MACH,23/05/2023 17:50:43,23/05/2023 18:03:53,1,4:45:00,4:45:00,0:13:10,Mecanizado
TARDE,DMG 160,4597161,1730,LV17226,"RING, ASSY REAR MOUNT",*EC* DMG-OP55: ACABADO / FINISHING MACHI,23/05/2023 18:03:53,23/05/2023 18:07:14,1,2:30:00,2:30:00,0:03:21,Mecanizado
TARDE,DMG 160,4597161,1730,LV17226,"RING, ASSY REAR MOUNT",*EC* DMG-OP55: ACABADO / FINISHING MACHI,23/05/2023 18:07:14,23/05/2023 21:01:00,1,2:30:00,2:30:00,2:53:46,Mecanizado
TARDE,DMG 160,4597161,1730,LV17226,"RING, ASSY REAR MOUNT",*EC* DMG-OP55: ACABADO / FINISHING MACHI,23/05/2023 21:01:00,23/05/2023 21:52:26,1,2:30:00,2:30:00,0:51:26,Mecanizado
TARDE,DMG 160,4597161,1730,LV17226,"RING, ASSY REAR MOUNT",*EC* DMG-OP55: ACABADO / FINISHING MACHI,23/05/2023 21:52:26,23/05/2023 22:00:00,1,2:30:00,2:30:00,0:07:34,Mecanizado
NOCHE,DMG 160,4597161,1730,LV17226,"RING, ASSY REAR MOUNT",*EC* DMG-OP55: ACABADO / FINISHING MACHI,23/05/2023 22:00:00,24/05/2023 0:35:42,1,2:30:00,2:30:00,2:35:42,Mecanizado
NOCHE,DMG 160,4597161,1740,LV17226,"RING, ASSY REAR MOUNT",*EC* DMG-OP58: ACABADO / FINISHING MACHI,24/05/2023 0:35:42,24/05/2023 3:12:47,1,2:30:00,2:30:00,2:37:05,Mecanizado
NOCHE,DMG 160,4597161,1750,LV17226,"RING, ASSY REAR MOUNT",*MEC* DMG-OP60: ACABADO / FINISHING MACH,24/05/2023 3:29:40,24/05/2023 4:06:31,1,1:00:00,1:00:00,0:36:51,Mecanizado
NOCHE,DMG 160,4619268,1400,340-002-805-0,"MOYEU 12 BRAS,CARTER INTM",MECANIZADO OP10,24/05/2023 4:06:31,24/05/2023 6:00:00,1,4:30:00,4:30:00,1:53:29,Mecanizado
MAÑANA,DMG 160,4619268,1400,340-002-805-0,"MOYEU 12 BRAS,CARTER INTM",MECANIZADO OP10,24/05/2023 6:00:00,24/05/2023 8:21:08,1,4:30:00,4:30:00,2:21:08,Mecanizado
MAÑANA,DMG 160,4599780,1600,LV17226,"RING, ASSY REAR MOUNT",*MEC* DMG-OP40-ACABADO / FINISHING MACHI,24/05/2023 12:04:11,24/05/2023 14:00:00,1,4:00:00,4:00:00,1:55:49,Mecanizado
TARDE,DMG 160,4599780,1600,LV17226,"RING, ASSY REAR MOUNT",*MEC* DMG-OP40-ACABADO / FINISHING MACHI,24/05/2023 14:00:00,24/05/2023 14:14:19,1,4:00:00,4:00:00,0:14:19,Mecanizado
TARDE,DMG 160,4599780,1600,LV17226,"RING, ASSY REAR MOUNT",*MEC* DMG-OP40-ACABADO / FINISHING MACHI,24/05/2023 14:14:19,24/05/2023 15:49:43,1,4:00:00,4:00:00,1:35:24,Mecanizado
TARDE,DMG 160,4599780,1600,LV17226,"RING, ASSY REAR MOUNT",*MEC* DMG-OP40-ACABADO / FINISHING MACHI,24/05/2023 15:49:43,24/05/2023 17:20:18,1,4:00:00,4:00:00,1:30:35,Mecanizado
TARDE,DMG 160,4599780,1600,LV17226,"RING, ASSY REAR MOUNT",*MEC* DMG-OP40-ACABADO / FINISHING MACHI,24/05/2023 17:20:18,24/05/2023 17:47:08,1,4:00:00,4:00:00,0:26:50,Mecanizado
TARDE,DMG 160,4599780,1600,LV17226,"RING, ASSY REAR MOUNT",*MEC* DMG-OP40-ACABADO / FINISHING MACHI,24/05/2023 17:47:08,24/05/2023 18:09:37,1,4:00:00,4:00:00,0:22:29,Mecanizado
TARDE,DMG 160,4599780,1600,LV17226,"RING, ASSY REAR MOUNT",*MEC* DMG-OP40-ACABADO / FINISHING MACHI,24/05/2023 18:09:37,24/05/2023 18:19:24,1,4:00:00,4:00:00,0:09:47,Mecanizado
TARDE,DMG 160,4599780,1650,LV17226,"RING, ASSY REAR MOUNT",*EC* DMG-OP45: ACABADO / FINISHING MACHI,24/05/2023 18:19:24,24/05/2023 18:22:33,1,4:00:00,4:00:00,0:03:09,Mecanizado
TARDE,DMG 160,4599780,1650,LV17226,"RING, ASSY REAR MOUNT",*EC* DMG-OP45: ACABADO / FINISHING MACHI,24/05/2023 18:22:33,24/05/2023 18:22:57,1,4:00:00,4:00:00,0:00:24,Mecanizado
TARDE,DMG 160,4599780,1650,LV17226,"RING, ASSY REAR MOUNT",*EC* DMG-OP45: ACABADO / FINISHING MACHI,24/05/2023 18:22:57,24/05/2023 19:17:41,1,4:00:00,4:00:00,0:54:44,Mecanizado
TARDE,DMG 160,4599780,1650,LV17226,"RING, ASSY REAR MOUNT",*EC* DMG-OP45: ACABADO / FINISHING MACHI,24/05/2023 19:17:41,24/05/2023 22:00:00,1,4:00:00,4:00:00,2:42:19,Mecanizado
NOCHE,DMG 160,4599780,1650,LV17226,"RING, ASSY REAR MOUNT",*EC* DMG-OP45: ACABADO / FINISHING MACHI,24/05/2023 22:00:00,25/05/2023 6:00:00,1,4:00:00,4:00:00,8:00:00,Mecanizado
MAÑANA,DMG 160,4599780,1650,LV17226,"RING, ASSY REAR MOUNT",*EC* DMG-OP45: ACABADO / FINISHING MACHI,25/05/2023 6:00:00,25/05/2023 7:24:05,1,4:00:00,4:00:00,1:24:05,Mecanizado
MAÑANA,DMG 160,4599780,1600,LV17226,"RING, ASSY REAR MOUNT",*MEC* DMG-OP40-ACABADO / FINISHING MACHI,25/05/2023 7:24:05,25/05/2023 10:28:05,1,4:00:00,4:00:00,3:04:00,Mecanizado
MAÑANA,DMG 160,4599780,1600,LV17226,"RING, ASSY REAR MOUNT",*MEC* DMG-OP40-ACABADO / FINISHING MACHI,25/05/2023 10:28:22,25/05/2023 10:40:56,1,4:00:00,4:00:00,0:12:34,Mecanizado
MAÑANA,DMG 160,4599780,1600,LV17226,"RING, ASSY REAR MOUNT",*MEC* DMG-OP40-ACABADO / FINISHING MACHI,25/05/2023 10:40:56,25/05/2023 10:41:29,1,4:00:00,4:00:00,0:00:33,Mecanizado
MAÑANA,DMG 160,4599780,1600,LV17226,"RING, ASSY REAR MOUNT",*MEC* DMG-OP40-ACABADO / FINISHING MACHI,25/05/2023 10:41:41,25/05/2023 10:43:00,1,4:00:00,4:00:00,0:01:19,Mecanizado
MAÑANA,DMG 160,4597161,1700,LV17226,"RING, ASSY REAR MOUNT",*MEC* DMG-OP50: ACABADO / FINISHING MACH,25/05/2023 10:43:00,25/05/2023 10:43:06,1,4:45:00,4:45:00,0:00:06,Mecanizado
MAÑANA,DMG 160,4599780,1600,LV17226,"RING, ASSY REAR MOUNT",*MEC* DMG-OP40-ACABADO / FINISHING MACHI,25/05/2023 10:43:06,25/05/2023 11:00:04,1,4:00:00,4:00:00,0:16:58,Mecanizado
MAÑANA,DMG 160,4597161,1700,LV17226,"RING, ASSY REAR MOUNT",*MEC* DMG-OP50: ACABADO / FINISHING MACH,25/05/2023 11:00:04,25/05/2023 14:00:00,1,4:45:00,4:45:00,2:59:56,Mecanizado
TARDE,DMG 160,4597161,1700,LV17226,"RING, ASSY REAR MOUNT",*MEC* DMG-OP50: ACABADO / FINISHING MACH,25/05/2023 14:00:00,25/05/2023 14:02:38,1,4:45:00,4:45:00,0:02:38,Mecanizado
TARDE,DMG 160,4599780,1700,LV17226,"RING, ASSY REAR MOUNT",*MEC* DMG-OP50: ACABADO / FINISHING MACH,25/05/2023 14:02:38,25/05/2023 19:10:58,1,4:00:00,4:00:00,5:08:20,Mecanizado
TARDE,DMG 160,4599780,1700,LV17226,"RING, ASSY REAR MOUNT",*MEC* DMG-OP50: ACABADO / FINISHING MACH,25/05/2023 19:10:58,25/05/2023 19:16:20,1,4:00:00,4:00:00,0:05:22,Mecanizado
TARDE,DMG 160,4599780,1700,LV17226,"RING, ASSY REAR MOUNT",*MEC* DMG-OP50: ACABADO / FINISHING MACH,25/05/2023 19:16:20,25/05/2023 19:16:24,1,4:00:00,4:00:00,0:00:04,Mecanizado
TARDE,DMG 160,4599780,1700,LV17226,"RING, ASSY REAR MOUNT",*MEC* DMG-OP50: ACABADO / FINISHING MACH,25/05/2023 19:16:24,25/05/2023 19:16:38,1,4:00:00,4:00:00,0:00:14,Mecanizado
TARDE,DMG 160,4599780,1700,LV17226,"RING, ASSY REAR MOUNT",*MEC* DMG-OP50: ACABADO / FINISHING MACH,25/05/2023 19:16:38,25/05/2023 19:16:53,1,4:00:00,4:00:00,0:00:15,Mecanizado
TARDE,DMG 160,4599780,1700,LV17226,"RING, ASSY REAR MOUNT",*MEC* DMG-OP50: ACABADO / FINISHING MACH,25/05/2023 19:16:55,25/05/2023 19:17:10,1,4:00:00,4:00:00,0:00:15,Mecanizado
TARDE,DMG 160,4599780,1700,LV17226,"RING, ASSY REAR MOUNT",*MEC* DMG-OP50: ACABADO / FINISHING MACH,25/05/2023 19:17:15,25/05/2023 19:17:25,1,4:00:00,4:00:00,0:00:10,Mecanizado
TARDE,DMG 160,4599780,1700,LV17226,"RING, ASSY REAR MOUNT",*MEC* DMG-OP50: ACABADO / FINISHING MACH,25/05/2023 19:17:25,25/05/2023 19:17:34,1,4:00:00,4:00:00,0:00:09,Mecanizado
TARDE,DMG 160,4599780,1700,LV17226,"RING, ASSY REAR MOUNT",*MEC* DMG-OP50: ACABADO / FINISHING MACH,25/05/2023 19:17:54,25/05/2023 19:19:20,1,4:00:00,4:00:00,0:01:26,Mecanizado
TARDE,DMG 160,4599780,1730,LV17226,"RING, ASSY REAR MOUNT",*EC* DMG-OP55: ACABADO / FINISHING MACHI,25/05/2023 19:19:20,25/05/2023 22:00:00,1,5:00:00,5:00:00,2:40:40,Mecanizado
NOCHE,DMG 160,4599780,1730,LV17226,"RING, ASSY REAR MOUNT",*EC* DMG-OP55: ACABADO / FINISHING MACHI,25/05/2023 22:00:00,26/05/2023 0:38:02,1,5:00:00,5:00:00,2:38:02,Mecanizado
NOCHE,DMG 160,4599780,1740,LV17226,"RING, ASSY REAR MOUNT",*EC* DMG-OP58: ACABADO / FINISHING MACHI,26/05/2023 0:38:02,26/05/2023 3:40:35,1,2:45:00,2:45:00,3:02:33,Mecanizado
NOCHE,DMG 160,4599780,1750,LV17226,"RING, ASSY REAR MOUNT",*MEC* DMG-OP60: ACABADO / FINISHING MACH,26/05/2023 4:05:24,26/05/2023 4:58:21,1,1:30:00,1:30:00,0:52:57,Mecanizado
TARDE,DMG 160,4599781,1600,LV17226,"RING, ASSY REAR MOUNT",*MEC* DMG-OP40-ACABADO / FINISHING MACHI,26/05/2023 15:05:47,26/05/2023 15:07:31,1,4:00:00,4:00:00,0:01:44,Mecanizado
TARDE,DMG 160,4599781,1600,LV17226,"RING, ASSY REAR MOUNT",*MEC* DMG-OP40-ACABADO / FINISHING MACHI,26/05/2023 15:07:31,26/05/2023 18:50:46,1,4:00:00,4:00:00,3:43:15,Mecanizado
TARDE,DMG 160,4599781,1600,LV17226,"RING, ASSY REAR MOUNT",*MEC* DMG-OP40-ACABADO / FINISHING MACHI,26/05/2023 18:50:46,26/05/2023 20:01:55,1,4:00:00,4:00:00,1:11:09,Mecanizado
TARDE,DMG 160,4599781,1600,LV17226,"RING, ASSY REAR MOUNT",*MEC* DMG-OP40-ACABADO / FINISHING MACHI,26/05/2023 20:01:55,26/05/2023 20:29:34,1,4:00:00,4:00:00,0:27:39,Mecanizado
TARDE,DMG 160,4619268,1600,340-002-805-0,"MOYEU 12 BRAS,CARTER INTM",MECANIZADO OP20,26/05/2023 20:29:34,26/05/2023 20:37:12,1,30:00:00,30:00:00,0:07:38,Mecanizado
TARDE,DMG 160,4619268,1600,340-002-805-0,"MOYEU 12 BRAS,CARTER INTM",MECANIZADO OP20,26/05/2023 20:37:12,26/05/2023 20:37:25,1,30:00:00,30:00:00,0:00:13,Mecanizado
TARDE,DMG 160,4619268,1600,340-002-805-0,"MOYEU 12 BRAS,CARTER INTM",MECANIZADO OP20,26/05/2023 20:37:25,26/05/2023 22:00:00,1,30:00:00,30:00:00,1:22:35,Mecanizado
NOCHE,DMG 160,4619268,1600,340-002-805-0,"MOYEU 12 BRAS,CARTER INTM",MECANIZADO OP20,26/05/2023 22:02:02,26/05/2023 22:02:03,1,30:00:00,30:00:00,0:00:01,Mecanizado
NOCHE,DMG 160,4619268,1600,340-002-805-0,"MOYEU 12 BRAS,CARTER INTM",MECANIZADO OP20,26/05/2023 22:02:03,27/05/2023 6:00:00,1,30:00:00,30:00:00,7:57:57,Mecanizado
FESTIVO,DMG 160,4619268,1600,340-002-805-0,"MOYEU 12 BRAS,CARTER INTM",MECANIZADO OP20,27/05/2023 6:02:04,28/05/2023 6:00:00,1,30:00:00,30:00:00,23:57:56,Mecanizado
FESTIVO,DMG 160,4599781,1650,LV17226,"RING, ASSY REAR MOUNT",*EC* DMG-OP45: ACABADO / FINISHING MACHI,30/05/2023 7:57:25,30/05/2023 12:25:17,1,4:00:00,4:00:00,4:27:52,Mecanizado
FESTIVO,DMG 160,4619268,1600,340-002-805-0,"MOYEU 12 BRAS,CARTER INTM",MECANIZADO OP20,30/05/2023 12:25:17,31/05/2023 6:00:00,1,30:00:00,30:00:00,17:34:43,Mecanizado
MAÑANA,DMG 160,4619268,1600,340-002-805-0,"MOYEU 12 BRAS,CARTER INTM",MECANIZADO OP20,31/05/2023 6:00:00,31/05/2023 8:57:30,1,30:00:00,30:00:00,2:57:30,Mecanizado
MAÑANA,DMG 160,4496950,2900,LV17226,"RING, ASSY REAR MOUNT",*MEC* DMG-OP70-MECANIZADO CASQUILLOS / B,31/05/2023 8:57:30,31/05/2023 10:36:09,1,1:30:00,1:30:00,1:38:39,Mecanizado
MAÑANA,DMG 160,4520199,2900,LV17226,"RING, ASSY REAR MOUNT",*MEC* DMG-OP70-MECANIZADO CASQUILLOS / B,31/05/2023 11:32:26,31/05/2023 13:06:11,1,1:30:00,1:30:00,1:33:45,Mecanizado
MAÑANA,DMG 160,4520199,2900,LV17226,"RING, ASSY REAR MOUNT",*MEC* DMG-OP70-MECANIZADO CASQUILLOS / B,31/05/2023 13:06:11,31/05/2023 13:12:24,1,1:30:00,1:30:00,0:06:13,Mecanizado
TARDE,DMG 160,4538121,2900,LV17226,"RING, ASSY REAR MOUNT",*MEC* DMG-OP70-MECANIZADO CASQUILLOS / B,31/05/2023 14:29:48,31/05/2023 16:24:31,1,1:30:00,1:30:00,1:54:43,Mecanizado
TARDE,DMG 160,4619268,1600,340-002-805-0,"MOYEU 12 BRAS,CARTER INTM",MECANIZADO OP20,31/05/2023 16:31:47,31/05/2023 22:00:00,1,30:00:00,30:00:00,5:28:13,Mecanizado
NOCHE,DMG 160,4619268,1600,340-002-805-0,"MOYEU 12 BRAS,CARTER INTM",MECANIZADO OP20,31/05/2023 22:00:00,01/06/2023 2:46:56,1,30:00:00,30:00:00,4:46:56,Mecanizado
TARDE,DMG 160,4599781,1700,LV17226,"RING, ASSY REAR MOUNT",*MEC* DMG-OP50: ACABADO / FINISHING MACH,01/06/2023 15:44:10,01/06/2023 20:22:52,1,4:00:00,4:00:00,4:38:42,Mecanizado
TARDE,DMG 160,4599781,1730,LV17226,"RING, ASSY REAR MOUNT",*EC* DMG-OP55: ACABADO / FINISHING MACHI,01/06/2023 20:22:52,01/06/2023 22:00:00,1,5:00:00,5:00:00,1:37:08,Mecanizado
NOCHE,DMG 160,4599781,1730,LV17226,"RING, ASSY REAR MOUNT",*EC* DMG-OP55: ACABADO / FINISHING MACHI,01/06/2023 22:00:00,02/06/2023 1:52:28,1,5:00:00,5:00:00,3:52:28,Mecanizado
NOCHE,DMG 160,4599781,1740,LV17226,"RING, ASSY REAR MOUNT",*EC* DMG-OP58: ACABADO / FINISHING MACHI,02/06/2023 1:52:28,02/06/2023 4:15:50,1,2:45:00,2:45:00,2:23:22,Mecanizado
NOCHE,DMG 160,4599781,1750,LV17226,"RING, ASSY REAR MOUNT",*MEC* DMG-OP60: ACABADO / FINISHING MACH,02/06/2023 4:44:37,02/06/2023 5:59:31,1,1:30:00,1:30:00,1:14:54,Mecanizado
NOCHE,DMG 160,4619268,1900,340-002-805-0,"MOYEU 12 BRAS,CARTER INTM",MECANIZADO OP30,02/06/2023 5:59:31,02/06/2023 6:00:00,1,10:00:00,10:00:00,0:00:29,Mecanizado
MAÑANA,DMG 160,4619268,1900,340-002-805-0,"MOYEU 12 BRAS,CARTER INTM",MECANIZADO OP30,02/06/2023 6:00:00,02/06/2023 6:18:50,1,10:00:00,10:00:00,0:18:50,Mecanizado
MAÑANA,DMG 160,4619268,1900,340-002-805-0,"MOYEU 12 BRAS,CARTER INTM",MECANIZADO OP30,02/06/2023 6:18:50,02/06/2023 6:47:40,1,10:00:00,10:00:00,0:28:50,Mecanizado
MAÑANA,DMG 160,4619268,1900,340-002-805-0,"MOYEU 12 BRAS,CARTER INTM",MECANIZADO OP30,02/06/2023 6:47:40,02/06/2023 6:59:18,1,10:00:00,10:00:00,0:11:38,Mecanizado
MAÑANA,DMG 160,4619268,1900,340-002-805-0,"MOYEU 12 BRAS,CARTER INTM",MECANIZADO OP30,02/06/2023 6:59:18,02/06/2023 7:16:00,1,10:00:00,10:00:00,0:16:42,Mecanizado
MAÑANA,DMG 160,4619268,1900,340-002-805-0,"MOYEU 12 BRAS,CARTER INTM",MECANIZADO OP30,02/06/2023 7:16:00,02/06/2023 7:47:38,1,10:00:00,10:00:00,0:31:38,Mecanizado
MAÑANA,DMG 160,4619268,1900,340-002-805-0,"MOYEU 12 BRAS,CARTER INTM",MECANIZADO OP30,02/06/2023 7:47:38,02/06/2023 7:57:56,1,10:00:00,10:00:00,0:10:18,Mecanizado
MAÑANA,DMG 160,4619268,1900,340-002-805-0,"MOYEU 12 BRAS,CARTER INTM",MECANIZADO OP30,02/06/2023 7:57:56,02/06/2023 7:58:49,1,10:00:00,10:00:00,0:00:53,Mecanizado
MAÑANA,DMG 160,4619268,1900,340-002-805-0,"MOYEU 12 BRAS,CARTER INTM",MECANIZADO OP30,02/06/2023 7:58:49,02/06/2023 8:26:40,1,10:00:00,10:00:00,0:27:51,Mecanizado
MAÑANA,DMG 160,4619268,1900,340-002-805-0,"MOYEU 12 BRAS,CARTER INTM",MECANIZADO OP30,02/06/2023 8:26:40,02/06/2023 8:35:18,1,10:00:00,10:00:00,0:08:38,Mecanizado
MAÑANA,DMG 160,4619268,1900,340-002-805-0,"MOYEU 12 BRAS,CARTER INTM",MECANIZADO OP30,02/06/2023 8:35:18,02/06/2023 8:35:58,1,10:00:00,10:00:00,0:00:40,Mecanizado
MAÑANA,DMG 160,4619268,1900,340-002-805-0,"MOYEU 12 BRAS,CARTER INTM",MECANIZADO OP30,02/06/2023 8:35:58,02/06/2023 8:48:42,1,10:00:00,10:00:00,0:12:44,Mecanizado
MAÑANA,DMG 160,4619268,1900,340-002-805-0,"MOYEU 12 BRAS,CARTER INTM",MECANIZADO OP30,02/06/2023 8:48:42,02/06/2023 8:49:44,1,10:00:00,10:00:00,0:01:02,Mecanizado
MAÑANA,DMG 160,4619268,1900,340-002-805-0,"MOYEU 12 BRAS,CARTER INTM",MECANIZADO OP30,02/06/2023 8:49:44,02/06/2023 8:49:47,1,10:00:00,10:00:00,0:00:03,Mecanizado
MAÑANA,DMG 160,4619268,1900,340-002-805-0,"MOYEU 12 BRAS,CARTER INTM",MECANIZADO OP30,02/06/2023 8:49:47,02/06/2023 9:02:56,1,10:00:00,10:00:00,0:13:09,Mecanizado
MAÑANA,DMG 160,4619268,1900,340-002-805-0,"MOYEU 12 BRAS,CARTER INTM",MECANIZADO OP30,02/06/2023 9:02:56,02/06/2023 9:03:22,1,10:00:00,10:00:00,0:00:26,Mecanizado
MAÑANA,DMG 160,4619268,1900,340-002-805-0,"MOYEU 12 BRAS,CARTER INTM",MECANIZADO OP30,02/06/2023 9:03:22,02/06/2023 9:46:42,1,10:00:00,10:00:00,0:43:20,Mecanizado
MAÑANA,DMG 160,4619268,1900,340-002-805-0,"MOYEU 12 BRAS,CARTER INTM",MECANIZADO OP30,02/06/2023 9:46:42,02/06/2023 14:00:00,1,10:00:00,10:00:00,4:13:18,Mecanizado
TARDE,DMG 160,4619268,1900,340-002-805-0,"MOYEU 12 BRAS,CARTER INTM",MECANIZADO OP30,02/06/2023 14:00:00,02/06/2023 15:15:50,1,10:00:00,10:00:00,1:15:50,Mecanizado
TARDE,DMG 160,4574385,2900,LV17226,"RING, ASSY REAR MOUNT",*MEC* DMG-OP70-MECANIZADO CASQUILLOS / B,02/06/2023 15:46:27,02/06/2023 17:23:14,1,1:30:00,1:30:00,1:36:47,Mecanizado
TARDE,DMG 160,4586332,2900,LV17226,"RING, ASSY REAR MOUNT",*MEC* DMG-OP70-MECANIZADO CASQUILLOS / B,02/06/2023 18:32:42,02/06/2023 20:23:02,1,1:30:00,1:30:00,1:50:20,Mecanizado
NOCHE,DMG 160,4586333,2900,LV17226,"RING, ASSY REAR MOUNT",*MEC* DMG-OP70-MECANIZADO CASQUILLOS / B,04/06/2023 22:50:07,05/06/2023 0:59:19,1,1:30:00,1:30:00,2:09:12,Mecanizado
NOCHE,DMG 160,4575515,2900,LV17226,"RING, ASSY REAR MOUNT",*MEC* DMG-OP70-MECANIZADO CASQUILLOS / B,05/06/2023 1:28:58,05/06/2023 3:42:17,1,1:30:00,1:30:00,2:13:19,Mecanizado
NOCHE,DMG 160,4575515,2900,LV17226,"RING, ASSY REAR MOUNT",*MEC* DMG-OP70-MECANIZADO CASQUILLOS / B,05/06/2023 3:42:17,05/06/2023 3:55:07,1,1:30:00,1:30:00,0:12:50,Mecanizado
NOCHE,DMG 160,4575515,2900,LV17226,"RING, ASSY REAR MOUNT",*MEC* DMG-OP70-MECANIZADO CASQUILLOS / B,05/06/2023 3:55:07,05/06/2023 3:55:19,1,1:30:00,1:30:00,0:00:12,Mecanizado
NOCHE,DMG 160,4588634,2900,LV17226,"RING, ASSY REAR MOUNT",*MEC* DMG-OP70-MECANIZADO CASQUILLOS / B,05/06/2023 4:15:00,05/06/2023 4:18:26,1,1:30:00,1:30:00,0:03:26,Mecanizado
NOCHE,DMG 160,4588634,2900,LV17226,"RING, ASSY REAR MOUNT",*MEC* DMG-OP70-MECANIZADO CASQUILLOS / B,05/06/2023 4:18:26,05/06/2023 5:42:46,1,1:30:00,1:30:00,1:24:20,Mecanizado
NOCHE,DMG 160,4588634,2900,LV17226,"RING, ASSY REAR MOUNT",*MEC* DMG-OP70-MECANIZADO CASQUILLOS / B,05/06/2023 5:42:46,05/06/2023 5:49:49,1,1:30:00,1:30:00,0:07:03,Mecanizado
MAÑANA,DMG 160,4580884,2900,LV17226,"RING, ASSY REAR MOUNT",*MEC* DMG-OP70-MECANIZADO CASQUILLOS / B,05/06/2023 6:32:06,05/06/2023 8:13:22,1,1:30:00,1:30:00,1:41:16,Mecanizado
MAÑANA,DMG 160,4580884,2900,LV17226,"RING, ASSY REAR MOUNT",*MEC* DMG-OP70-MECANIZADO CASQUILLOS / B,05/06/2023 8:13:22,05/06/2023 8:13:30,1,1:30:00,1:30:00,0:00:08,Mecanizado
MAÑANA,DMG 160,4580885,2900,LV17226,"RING, ASSY REAR MOUNT",*MEC* DMG-OP70-MECANIZADO CASQUILLOS / B,05/06/2023 8:51:51,05/06/2023 11:08:19,1,1:30:00,1:30:00,2:16:28,Mecanizado
MAÑANA,DMG 160,4469925,2400,LV17290,"RING, ASSY REAR MOUNT",*MEC* DMG-OP60-MECANIZADO CASQUILLOS / B,05/06/2023 11:29:49,05/06/2023 13:54:28,1,1:00:00,1:00:00,2:24:39,Mecanizado
TARDE,DMG 160,4599782,1600,LV17226,"RING, ASSY REAR MOUNT",*MEC* DMG-OP40-ACABADO / FINISHING MACHI,05/06/2023 14:25:20,05/06/2023 19:59:58,1,4:00:00,4:00:00,5:34:38,Mecanizado
TARDE,DMG 160,4599782,1650,LV17226,"RING, ASSY REAR MOUNT",*EC* DMG-OP45: ACABADO / FINISHING MACHI,05/06/2023 19:59:58,05/06/2023 22:00:00,1,4:00:00,4:00:00,2:00:02,Mecanizado
NOCHE,DMG 160,4599782,1650,LV17226,"RING, ASSY REAR MOUNT",*EC* DMG-OP45: ACABADO / FINISHING MACHI,05/06/2023 22:00:00,06/06/2023 0:10:49,1,4:00:00,4:00:00,2:10:49,Mecanizado
NOCHE,DMG 160,4619267,1600,340-002-805-0,"MOYEU 12 BRAS,CARTER INTM",MECANIZADO OP20,06/06/2023 0:10:49,06/06/2023 1:24:45,1,30:00:00,30:00:00,1:13:56,Mecanizado
NOCHE,DMG 160,4619267,1600,340-002-805-0,"MOYEU 12 BRAS,CARTER INTM",MECANIZADO OP20,06/06/2023 1:24:45,06/06/2023 1:25:24,1,30:00:00,30:00:00,0:00:39,Mecanizado
NOCHE,DMG 160,4619267,1600,340-002-805-0,"MOYEU 12 BRAS,CARTER INTM",MECANIZADO OP20,06/06/2023 1:25:24,06/06/2023 1:25:45,1,30:00:00,30:00:00,0:00:21,Mecanizado
NOCHE,DMG 160,4619267,1600,340-002-805-0,"MOYEU 12 BRAS,CARTER INTM",MECANIZADO OP20,06/06/2023 1:25:45,06/06/2023 1:56:02,1,30:00:00,30:00:00,0:30:17,Mecanizado
NOCHE,DMG 160,4619267,1600,340-002-805-0,"MOYEU 12 BRAS,CARTER INTM",MECANIZADO OP20,06/06/2023 1:56:02,06/06/2023 2:32:54,1,30:00:00,30:00:00,0:36:52,Mecanizado
NOCHE,DMG 160,4619267,1600,340-002-805-0,"MOYEU 12 BRAS,CARTER INTM",MECANIZADO OP20,06/06/2023 2:32:54,06/06/2023 2:39:44,1,30:00:00,30:00:00,0:06:50,Mecanizado
NOCHE,DMG 160,4619267,1600,340-002-805-0,"MOYEU 12 BRAS,CARTER INTM",MECANIZADO OP20,06/06/2023 2:39:44,06/06/2023 2:50:19,1,30:00:00,30:00:00,0:10:35,Mecanizado
NOCHE,DMG 160,4619267,1600,340-002-805-0,"MOYEU 12 BRAS,CARTER INTM",MECANIZADO OP20,06/06/2023 2:50:19,06/06/2023 2:50:34,1,30:00:00,30:00:00,0:00:15,Mecanizado
NOCHE,DMG 160,4619267,1600,340-002-805-0,"MOYEU 12 BRAS,CARTER INTM",MECANIZADO OP20,06/06/2023 2:50:34,06/06/2023 6:00:00,1,30:00:00,30:00:00,3:09:26,Mecanizado
